{
  "name": "Login and Checkout Flow",
  "url": "https://www.saucedemo.com",
  "steps": [
    {
      "index": 1,
      "description": "Open the site",
      "status": "pass",
      "error": null,
      "screenshot": "step_001.png",
      "elapsed_ms": 4872,
      "notes": "AI plan: [{\"type\": \"navigate\", \"target\": \"Base URL\", \"value\": \"https://www.saucedemo.com\", \"notes\": \"Open the Sauce Labs Swag Labs application\"}]"
    },
    {
      "index": 2,
      "description": "Log in with username 'standard_user' and password 'secret_sauce'",
      "status": "pass",
      "error": null,
      "screenshot": "step_002.png",
      "elapsed_ms": 3925,
      "notes": "AI plan: [{\"type\": \"fill\", \"target\": \"Username\", \"value\": \"standard_user\", \"notes\": \"\"}, {\"type\": \"fill\", \"target\": \"Password\", \"value\": \"secret_sauce\", \"notes\": \"\"}, {\"type\": \"click\", \"target\": \"Login\", \"value\": null, \"notes\": \"\"}]"
    },
    {
      "index": 3,
      "description": "Add 'Sauce Labs Backpack' to the cart",
      "status": "pass",
      "error": null,
      "screenshot": "step_003.png",
      "elapsed_ms": 2881,
      "notes": "AI plan: [{\"type\": \"click\", \"target\": \"Sauce Labs Backpack\", \"value\": null, \"notes\": \"Click on the product to view details.\"}, {\"type\": \"click\", \"target\": \"Add to cart\", \"value\": null, \"notes\": \"Add the product to the shopping cart.\"}]"
    },
    {
      "index": 4,
      "description": "Go to cart",
      "status": "pass",
      "error": null,
      "screenshot": "step_004.png",
      "elapsed_ms": 2247,
      "notes": "AI plan: [{\"type\": \"click\", \"target\": \"Cart\", \"value\": null, \"notes\": \"Navigate to the cart page\"}]"
    },
    {
      "index": 5,
      "description": "Click checkout",
      "status": "pass",
      "error": null,
      "screenshot": "step_005.png",
      "elapsed_ms": 1757,
      "notes": "AI plan: [{\"type\": \"click\", \"target\": \"checkout\", \"value\": null, \"notes\": \"Click the checkout button to proceed.\"}]"
    },
    {
      "index": 6,
      "description": "Fill in first name 'Toni', last name 'Ramchandani', zip code '411001'",
      "status": "pass",
      "error": null,
      "screenshot": "step_006.png",
      "elapsed_ms": 3349,
      "notes": "AI plan: [{\"type\": \"fill\", \"target\": \"First Name\", \"value\": \"Toni\", \"notes\": \"\"}, {\"type\": \"fill\", \"target\": \"Last Name\", \"value\": \"Ramchandani\", \"notes\": \"\"}, {\"type\": \"fill\", \"target\": \"Zip Code\", \"value\": \"411001\", \"notes\": \"\"}]"
    },
    {
      "index": 7,
      "description": "Click Continue",
      "status": "pass",
      "error": null,
      "screenshot": "step_007.png",
      "elapsed_ms": 1779,
      "notes": "AI plan: [{\"type\": \"click\", \"target\": \"Continue\", \"value\": null, \"notes\": \"Click the Continue button to proceed.\"}]"
    },
    {
      "index": 8,
      "description": "Click Finish",
      "status": "pass",
      "error": null,
      "screenshot": "step_008.png",
      "elapsed_ms": 1868,
      "notes": "AI plan: [{\"type\": \"click\", \"target\": \"Finish\", \"value\": null, \"notes\": \"Click the Finish button to complete the process.\"}]"
    }
  ],
  "assertions": [
    {
      "index": 1,
      "text": "The final page shows a confirmation that order is placed",
      "passed": true,
      "explanation": "Heuristic DOM check suggests confirmation present.",
      "elapsed_ms": 10
    },
    {
      "index": 2,
      "text": "URL contains 'checkout-complete'",
      "passed": true,
      "explanation": "URL was https://www.saucedemo.com/checkout-complete.html",
      "elapsed_ms": 0
    }
  ]
}